jiscode	citynamejp	citynameen	regionalname	islandname	islandkana	islandnameen	lat	long	area	coast	h27pop	h22pop	law	desinatedname	manned	delegate
1367	北海道奥尻郡奥尻町	Okushiri, Hokkaido		奥尻島	おくしりとう	Okushirito	42.15199167	139.4832907	142.7	68	2690	3033	離島振興法	奥尻島	1	1
1484	北海道苫前郡羽幌町	Haboro, Hokkaido		焼尻島	やぎしりとう	Yagishirito	44.43688209	141.4052406	5.19	10.6	201	273	離島振興法	天売・焼尻	1	1
1484	北海道苫前郡羽幌町	Haboro, Hokkaido		天売島	てうりとう	Teurito	44.42762126	141.3137301	5.47	11.6	313	366	離島振興法	天売・焼尻	1	1
1517	北海道礼文郡礼文町	Rebun, Hokkaido		礼文島	れぶんとう	Rebunto	45.36876861	141.0166906	81.25	66.6	2773	3078	離島振興法	礼文島	1	1
1518	北海道利尻郡利尻町・利尻富士町	Rishiri and Rishirifuji in Hokkaido		利尻島	りしりとう	Rishirito	45.17835292	141.2286247	182.08	64	5090	5627	離島振興法	利尻島	1	1
1519	北海道利尻郡利尻町・利尻富士町	Rishiri and Rishirifuji in Hokkaido		利尻島	りしりとう	Rishirito	45.17835292	141.2286247	182.08	64	5090	5627	離島振興法	利尻島	1	0
1662	北海道厚岸郡厚岸町	Akkeshi, Hokkaido		小島（厚岸小島）	こじま（あっけしこじま）	Kojima (Akkeshikojima)	42.97480389	144.8794113	0.05	0.9	12	13	離島振興法	小島	1	1
4202	宮城県石巻市	Ishinomaki, Miyagi	牡鹿諸島	田代島	たしろじま	Tashirojima	38.29867362	141.4179431	2.92	11.5	62	81	離島振興法	牡鹿諸島	1	1
4202	宮城県石巻市	Ishinomaki, Miyagi	牡鹿諸島	網地島	あじしま	Ajishima	38.26476723	141.4790182	6.49	20.7	304	426	離島振興法	牡鹿諸島	1	1
4203	宮城県塩竈市	Shiogama, Miyagi	浦戸諸島	朴島	ほうじま	Hojima	38.35142778	141.1237914	0.34	2.2	12	24	離島振興法	浦戸諸島	1	1
4203	宮城県塩竈市	Shiogama, Miyagi	浦戸諸島	野々島	ののしま	Nonoshima	38.33798028	141.1124717	0.44	8.9	66	84	離島振興法	浦戸諸島	1	1
4203	宮城県塩竈市	Shiogama, Miyagi	浦戸諸島	桂島	かつらしま	Katsurashima	38.33405833	141.0966111	0.67	6.8	160	266	離島振興法	浦戸諸島	1	1
4203	宮城県塩竈市	Shiogama, Miyagi	浦戸諸島	寒風沢島	さぶさわじま	Sabusawajima	38.33131389	141.1235417	1.39	13.5	96	161	離島振興法	浦戸諸島	1	1
4581	宮城県牡鹿郡女川町	Onagawa, Miyagi	牡鹿諸島	出島	いずしま	Izushima	38.45132973	141.5246919	2.63	14	77	465	離島振興法	牡鹿諸島	1	1
4581	宮城県牡鹿郡女川町	Onagawa, Miyagi	牡鹿諸島	江島	えのしま	Enoshima	38.39927292	141.5943003	0.36	3.7	38	89	離島振興法	牡鹿諸島	1	1
6204	山形県酒田市	Sakata, Yamagata		飛島	とびしま	Tobishima	39.19497472	139.5519204	2.73	12	204	228	離島振興法	飛島	1	1
13361	東京都大島町	Oshima, Tokyo	伊豆諸島	大島（伊豆大島）	おおしま（いずおおしま）	Oshima (Izuoshima)	34.73862417	139.3993645	90.73	54	7884	8461	離島振興法	伊豆諸島	1	1
13362	東京都利島村	Toshima Village, Tokyo	伊豆諸島	利島	としま	Toshima	34.52302917	139.280241	4.12	7.7	337	341	離島振興法	伊豆諸島	1	1
13363	東京都新島村	Nijima, Tokyo	伊豆諸島	新島	にいじま	Niijima	34.38078251	139.2662996	22.97	41.6	2230	2351	離島振興法	伊豆諸島	1	1
13363	東京都新島村	Nijima, Tokyo	伊豆諸島	式根島	しきねじま	Shikinejima	34.32647597	139.2105153	3.67	12.2	519	532	離島振興法	伊豆諸島	1	1
13364	東京都神津島村	Kizushima, Tokyo	伊豆諸島	神津島	こうづしま	Kozushima	34.21422069	139.1477128	18.24	33.3	1891	1889	離島振興法	伊豆諸島	1	1
13381	東京都三宅村	Miyake, Tokyo	伊豆諸島	三宅島	みやけじま	Miyakejima	34.08511959	139.5198697	55.2	38.4	2482	2676	離島振興法	伊豆諸島	1	1
13382	東京都御蔵島村	Mikurajima, Tokyo	伊豆諸島	御蔵島	みくらじま	Mikurajima	33.8764189	139.6043225	20.51	16.4	335	348	離島振興法	伊豆諸島	1	1
13401	東京都八丈町	Hachijo, Tokyo	伊豆諸島	八丈島	はちじょうじま	Hachijojima	33.102438	139.7990755	69.11	51.3	7613	8231	離島振興法	伊豆諸島	1	1
13402	東京都青ヶ島村	Aogashima, Tokyo	伊豆諸島	青ヶ島	あおがしま	Aogashima	32.45816709	139.7679103	5.96	9.4	178	201	離島振興法	伊豆諸島	1	1
15224	新潟県佐渡市	Sado, Niigata		佐渡島	さどがしま	Sadogashima	38.06741278	138.3891625	854.79	280.9	57255	62727	離島振興法	佐渡島	1	1
15586	新潟県岩船郡粟島浦村	Awashimaura, Niigata		粟島	あわしま	Awashima	38.46366736	139.2392439	9.69	23.1	370	366	離島振興法	粟島	1	1
17204	石川県輪島市	Wajima, Ishikawa		舳倉島	へぐらじま	Hegurajima	37.84984486	136.9184167	0.55	5.2	105	110	離島振興法	舳倉島	1	1
22205	静岡県熱海市	Atami, Shizuoka		初島	はつしま	Hatsushima	35.03991417	139.1702814	0.44	4	333	316	離島振興法	初島	1	1
23213	愛知県西尾市	Nishio, Aichi		佐久島	さくしま	Sakushima	34.72878611	137.0404944	1.73	11.8	234	271	離島振興法	愛知三島	1	1
23445	愛知県知多郡南知多町	Minamichita, Aichi		日間賀島	ひまかじま	Himakajima	34.70504931	137.0048821	0.77	6.6	1896	2051	離島振興法	愛知三島	1	1
23445	愛知県知多郡南知多町	Minamichita, Aichi		篠島	しのじま	Shinojima	34.676165	137.0044783	0.94	8.2	1653	1763	離島振興法	愛知三島	1	1
24211	三重県鳥羽市	Toba, Mie	志摩諸島	神島	かみしま	Kamishima	34.54561709	136.9820897	0.76	3.9	348	402	離島振興法	志摩諸島	1	1
24211	三重県鳥羽市	Toba, Mie	志摩諸島	答志島	とうしじま	Toshijima	34.52224653	136.8752113	6.96	26.3	1975	2379	離島振興法	志摩諸島	1	1
24211	三重県鳥羽市	Toba, Mie	志摩諸島	菅島	すがしま	Sugashima	34.48977209	136.890914	4.41	13	550	689	離島振興法	志摩諸島	1	1
24211	三重県鳥羽市	Toba, Mie	志摩諸島	坂手島	さかてじま	Sakatejima	34.48633333	136.8585783	0.51	3.8	315	423	離島振興法	志摩諸島	1	1
24215	三重県志摩市	Shima, Mie	志摩諸島	渡鹿野島	わたかのじま	Watakanojima	34.36267556	136.8720836	0.69	6	219	247	離島振興法	志摩諸島	1	1
24215	三重県志摩市	Shima, Mie	志摩諸島	間崎島	まさきじま	Masakijima	34.29022445	136.8152999	0.36	7.4	69	118	離島振興法	志摩諸島	1	1
25204	滋賀県近江八幡市	Omihachiman, Shiga	琵琶湖	沖島	おきしま	Okishima	35.20673314	136.0632987	1.51	6.8	287	343	離島振興法	沖島	1	1
28201	兵庫県姫路市	Himeji, Hyogo	家島諸島	家島	いえしま	Ieshima	34.67235375	134.5271133	5.4	15.4	2693	3355	離島振興法	家島群島	1	1
28201	兵庫県姫路市	Himeji, Hyogo	家島諸島	男鹿島	たんがしま	Tangashima	34.66413945	134.5764508	4.53	10	38	72	離島振興法	家島群島	1	1
28201	兵庫県姫路市	Himeji, Hyogo	家島諸島	西島	にしじま	Nishijima	34.65612848	134.4797004	6.52	21	2	5	離島振興法	家島群島	1	1
28201	兵庫県姫路市	Himeji, Hyogo	家島諸島	坊勢島	ぼうぜじま	Bozejima	34.64748264	134.5100051	1.92	12.3	2165	2555	離島振興法	家島群島	1	1
28224	兵庫県南あわじ市	Minamiawaji, Hyogo		沼島	ぬしま	Nushima	34.1679057	134.8210138	2.67	10.3	430	506	離島振興法	沼島	1	1
32525	島根県隠岐郡海士町	Ama, Shimane	隠岐諸島	中ノ島	なかのしま	Nakanoshima	36.07743903	133.10841	32.29	88.9	2353	2374	離島振興法	隠岐島	1	1
32526	島根県隠岐郡西ノ島町	Nishinoshima, Shimane	隠岐諸島	西ノ島	にしのしま	Nishinoshima	36.09035417	133.0194036	55.77	116.1	3027	3136	離島振興法	隠岐島	1	1
32527	島根県隠岐郡知夫村	Chibu, Shimane	隠岐諸島	知夫里島	ちぶりじま	Chiburijima	36.01343167	133.0364546	13.03	49.6	615	657	離島振興法	隠岐島	1	1
32528	島根県隠岐郡隠岐の島町	Okinoshima, Shimane	隠岐諸島	島後	どうご	Dogo	36.2543225	133.2812611	241.53	209.9	14608	15521	離島振興法	隠岐島	1	1
33103	岡山県岡山市東区	Higashi, Okayama City, Okayama	犬島諸島	犬島	いぬじま	Inujima	34.56348445	134.10098	0.54	3.6	44	54	離島振興法	犬島	1	1
33202	岡山県倉敷市	Kurashiki, Okayama	児島諸島	松島	まつしま	Matsushima	34.4252432	133.8165746	0.08	1.2	3	3	離島振興法	児島諸島	1	1
33202	岡山県倉敷市	Kurashiki, Okayama	児島諸島	六口島	むぐちじま	Muguchijima	34.42512292	133.7683931	1.03	5.9	7	10	離島振興法	児島諸島	1	1
33204	岡山県玉野市	Tamano, Okayama		石島	いしま	Ishima	34.50168945	134.015645	2.63		76	91	離島振興法	石島	1	1
33205	岡山県笠岡市	Kasaoka, Okayama	笠岡諸島	高島	たかしま	Takashima	34.42943945	133.5084499	1.05	5.8	70	94	離島振興法	笠岡諸島	1	1
33205	岡山県笠岡市	Kasaoka, Okayama	笠岡諸島	白石島	しらいしじま	Shiraishijima	34.40302375	133.5159718	2.95	10	450	581	離島振興法	笠岡諸島	1	1
33205	岡山県笠岡市	Kasaoka, Okayama	笠岡諸島	北木島	きたぎしま	Kitagishima	34.38432848	133.5382175	7.48	19.1	772	1027	離島振興法	笠岡諸島	1	1
33205	岡山県笠岡市	Kasaoka, Okayama	笠岡諸島	真鍋島	まなべしま	Manabeshima	34.35221111	133.5755222	1.48	7.5	201	277	離島振興法	笠岡諸島	1	1
33205	岡山県笠岡市	Kasaoka, Okayama	笠岡諸島	小飛島	こびしま	Kobishima	34.34766167	133.5194249	0.3	3.7	17	20	離島振興法	笠岡諸島	1	1
33205	岡山県笠岡市	Kasaoka, Okayama	笠岡諸島	大飛島	おおびしま	Obishima	34.34272515	133.503356	1.05	6.4	45	82	離島振興法	笠岡諸島	1	1
33205	岡山県笠岡市	Kasaoka, Okayama	笠岡諸島	六島	むしま	Mushima	34.30403098	133.533155	1.02	4.6	70	85	離島振興法	笠岡諸島	1	1
33211	岡山県備前市	Bizen, Okayama	日生諸島	鴻島	こうじま	Kojima	34.69861251	134.2605619	2.07	12	39	42	離島振興法	日生諸島	1	1
33211	岡山県備前市	Bizen, Okayama	日生諸島	大多府島	おおたぶしま	Otabushima	34.68358459	134.2961743	0.4	5	71	81	離島振興法	日生諸島	1	1
33212	岡山県瀬戸内市	Setouchi, Okayama		前島	まえじま	Maejima	34.60970987	134.1830414	2.41	16.5	140	180	離島振興法	前島	1	1
34103	広島県広島市南区	Minami, Hiroshima City, Hiroshima		似島	にのしま	Ninoshima	34.31133417	132.4313682	3.84	16	790	919	離島振興法	似島	1	1
34202	広島県呉市	Kure, Hiroshima	下大崎群島	三角島	みかどじま	Mikadojima	34.19194403	132.8132929	0.78	4.1	34	61	離島振興法	下大崎群島	1	1
34202	広島県呉市	Kure, Hiroshima	安芸群島	情島	なさけじま	Nasakejima	34.16171	132.5747769	0.69	4.4	6	9	離島振興法	安芸群島	1	1
34202	広島県呉市	Kure, Hiroshima	下大崎群島	斎島	いつきじま	Itsukijima	34.11812667	132.7931606	0.7	4.3	15	18	離島振興法	下大崎群島	1	1
34204	広島県三原市	Mihara, Hiroshima	芸備群島	小佐木島	こさぎじま	Kosagijima	34.36398348	133.1036517	0.5	3.2	6	11	離島振興法	芸備群島	1	1
34204	広島県三原市	Mihara, Hiroshima	芸備群島	佐木島	さぎじま	Sagijima	34.33865126	133.1117681	8.71	18.2	681	820	離島振興法	芸備群島	1	1
34205	広島県尾道市	Onomichi, Hiroshima	備後群島	百島	ももしま	Momoshima	34.37249917	133.2681882	3.08	11.9	477	545	離島振興法	備後群島	1	1
34205	広島県尾道市	Onomichi, Hiroshima	芸備群島	細島	ほそじま	Hosojima	34.36527681	133.1398156	0.76	5.3	47	56	離島振興法	芸備群島	1	1
34207	広島県福山市	Fukuyama, Hiroshima	走島群島	走島	はしりじま	Hashirijima	34.34348028	133.4412896	2.16	7.8	410	570	離島振興法	走島群島	1	1
34211	広島県大竹市	Otake, Hiroshima	安芸群島	阿多田島	あたたじま	Atatajima	34.19199264	132.3059433	2.39	11	252	276	離島振興法	安芸群島	1	1
34431	広島県豊田郡大崎上島町	Osakikamijima, Hiroshima	上大崎群島	生野島	いくのしま	Ikunoshima	34.28997097	132.9155872	2.25	12.5	17	27	離島振興法	上大崎群島	1	1
34431	広島県豊田郡大崎上島町	Osakikamijima, Hiroshima	上大崎群島	長島	ながしま	Nagashima	34.26310528	132.870691	1.04	7.3	28	26	離島振興法	上大崎群島	1	1
34431	広島県豊田郡大崎上島町	Osakikamijima, Hiroshima	上大崎群島	大崎上島	おおさきかみじま	Osakikamijima	34.24530764	132.8900589	38.27	60.9	7915	8353	離島振興法	上大崎群島	1	1
35201	山口県下関市	Shimonoseki, Yamaguchi	響灘諸島	蓋井島	ふたおいじま	Futaoijima	34.10383	130.78751	2.32	10.4	90	83	離島振興法	響灘諸島	1	1
35201	山口県下関市	Shimonoseki, Yamaguchi	響灘諸島	六連島	むつれじま	Mutsurejima	33.97557112	130.8642296	0.69	3.9	87	104	離島振興法	響灘諸島	1	1
35204	山口県萩市	Hagi, Yamaguchi	萩諸島	見島	みしま	Mishima	34.77825625	131.1455256	7.76	17.5	864	963	離島振興法	萩諸島	1	1
35204	山口県萩市	Hagi, Yamaguchi	萩諸島	櫃島	ひつしま	Hitsushima	34.51811195	131.3881935	0.83	4	2	2	離島振興法	萩諸島	1	1
35204	山口県萩市	Hagi, Yamaguchi	萩諸島	相島	あいしま	Aishima	34.50764195	131.2824426	2.37	10.5	154	177	離島振興法	萩諸島	1	1
35204	山口県萩市	Hagi, Yamaguchi	萩諸島	大島	おおしま	Oshima	34.50129334	131.4099063	2.99	8.5	677	823	離島振興法	萩諸島	1	1
35206	山口県防府市	Hofu, Yamaguchi	周南諸島	野島	のしま	Noshima	33.94243375	131.6948354	0.73	3.4	94	145	離島振興法	周南諸島	1	1
35208	山口県岩国市	Iwakuni, Yamaguchi	柱島群島	端島	はしま	Hashima	34.03472792	132.3842051	0.67	6.3	21	32	離島振興法	柱島群島	1	1
35208	山口県岩国市	Iwakuni, Yamaguchi	柱島群島	柱島	はしらじま	Hashirajima	34.02058028	132.4163149	3.13	8.5	145	188	離島振興法	柱島群島	1	1
35208	山口県岩国市	Iwakuni, Yamaguchi	柱島群島	黒島	くろしま	Kuroshima	33.99738764	132.3326006	0.54	4	24	29	離島振興法	柱島群島	1	1
35210	山口県光市	Hikari, Yamaguchi	周南諸島	牛島	うしま	Ushima	33.85729722	132.0128917	1.9	11	46	66	離島振興法	牛島	1	1
35212	山口県柳井市	Yanai, Yamaguchi		平郡島	へいぐんとう	Heigunto	33.79225334	132.2230606	16.56	31	348	419	離島振興法	平郡島	1	1
35215	山口県周南市	Shunan, Yamaguchi	周南諸島	大津島・馬島	おおつしま・うましま	Otsushima and Umashima	34.00743472	131.6974255	4.76	20.9	244	361	離島振興法	周南諸島	1	1
35305	山口県大島郡周防大島町	Suooshima, Yamaguchi	周防大島諸島	前島	まえじま	Maejima	34.00171459	132.2652444	1.09	2.2	7	14	離島振興法	周防大島諸島	1	1
35305	山口県大島郡周防大島町	Suooshima, Yamaguchi	周防大島諸島	情島	なさけじま	Nasakejima	33.96006959	132.4700904	1	6.9	62	93	離島振興法	周防大島諸島	1	1
35305	山口県大島郡周防大島町	Suooshima, Yamaguchi	周防大島諸島	浮島	うかしま	Ukashima	33.95022473	132.3465281	2.27	6.8	214	231	離島振興法	周防大島諸島	1	1
35305	山口県大島郡周防大島町	Suooshima, Yamaguchi	周防大島諸島	笠佐島	かささじま	Kasasajima	33.94261264	132.1612028	0.94	4.1	13	11	離島振興法	周防大島諸島	1	1
35341	山口県熊毛郡上関町	Kaminoseki, Yamaguchi	熊毛群島	祝島	いわいしま	Iwaishima	33.78329597	131.9703332	7.68	12.7	380	451	離島振興法	熊毛群島	1	1
35341	山口県熊毛郡上関町	Kaminoseki, Yamaguchi	熊毛群島	八島	やしま	Yashima	33.73838667	132.1455013	4.16	16.7	25	40	離島振興法	熊毛群島	1	1
35343	山口県熊毛郡田布施町	Tabuse, Yamaguchi	熊毛群島	馬島	うましま	Umashima	33.89382542	132.0475656	0.7	5.8	26	26	離島振興法	熊毛群島	1	1
35344	山口県熊毛郡平生町	Hirao, Yamaguchi	熊毛群島	佐合島	さごうじま	Sagojima	33.87562709	132.063447	1.32	5.5	17	25	離島振興法	熊毛群島	1	1
36204	徳島県阿南市	Anan, Tokushima		伊島	いしま	Ishima	33.84889667	134.8131308	1.44	9.5	165	167	離島振興法	伊島	1	1
36383	徳島県海部郡牟岐町	Mugi, Tokushima		出羽島	てばじま	Tebajima	33.63311736	134.4238256	0.65	3.1	72	94	離島振興法	出羽島	1	1
37201	香川県高松市	Takamatsu, Kagawa	直島諸島	男木島	おぎじま	Ogijima	34.42516917	134.0596282	1.34	5.9	148	162	離島振興法	直島諸島	1	1
37201	香川県高松市	Takamatsu, Kagawa		大島	おおしま	Oshima	34.40569665	134.1057736	0.62	4.2	75	122	離島振興法	大島	1	1
37201	香川県高松市	Takamatsu, Kagawa	直島諸島	女木島（鬼ヶ島）	めぎじま（おにがしま）	Megijima (Onigashima)	34.39434667	134.0461985	2.62	7.9	136	174	離島振興法	直島諸島	1	1
37202	香川県丸亀市	Marugame, Kagawa	塩飽諸島	手島	てしま	Teshima	34.39671348	133.6644192	3.41	7.1	30	40	離島振興法	塩飽諸島	1	1
37202	香川県丸亀市	Marugame, Kagawa	塩飽諸島	本島（塩飽本島）	ほんじま（しわくほんじま）	Honjima (Shiwakuhonjima)	34.38486028	133.7735172	6.75	17.4	396	492	離島振興法	塩飽諸島	1	1
37202	香川県丸亀市	Marugame, Kagawa	塩飽諸島	小手島	おてしま	Oteshima	34.37821875	133.647939	0.53	3.7	36	53	離島振興法	塩飽諸島	1	1
37202	香川県丸亀市	Marugame, Kagawa	塩飽諸島	広島	ひろしま	Hiroshima	34.37613015	133.7075178	11.72	18.7	226	281	離島振興法	塩飽諸島	1	1
37202	香川県丸亀市	Marugame, Kagawa	塩飽諸島	牛島	うしじま	Ushijima	34.36114153	133.7805724	0.84	3.7	10	14	離島振興法	塩飽諸島	1	1
37203	香川県坂出市	Sakaide, Kagawa	塩飽諸島	櫃石島	ひついしじま	Hitsuishijima	34.42004667	133.802585	0.93	5.4	172	205	離島振興法	塩飽諸島	1	1
37203	香川県坂出市	Sakaide, Kagawa	塩飽諸島	岩黒島	いわくろじま	Iwakurojima	34.40643987	133.8103776	0.17	1.4	75	89	離島振興法	塩飽諸島	1	1
37203	香川県坂出市	Sakaide, Kagawa	塩飽諸島	小与島	こよしま	Koyoshima	34.39093459	133.8303	0.26	1.5	2	4	離島振興法	塩飽諸島	1	1
37203	香川県坂出市	Sakaide, Kagawa	塩飽諸島	与島	よしま	Yoshima	34.3891332	133.8185657	1.13	6.6	81	115	離島振興法	塩飽諸島	1	1
37205	香川県観音寺市	Kanonji, Kagawa		伊吹島	いぶきじま	Ibukijima	34.13032653	133.5338068	1.01	6.2	400	590	離島振興法	伊吹島	1	1
37208	香川県三豊市	Mitoyo, Kagawa	塩飽諸島	粟島	あわしま	Awashima	34.271475	133.637	3.67	17.4	216	289	離島振興法	塩飽諸島	1	1
37208	香川県三豊市	Mitoyo, Kagawa	塩飽諸島	志々島	ししじま	Shishijima	34.27092334	133.6770885	0.59	3.3	18	24	離島振興法	塩飽諸島	1	1
37322	香川県小豆郡土庄町	Tonosho, Kagawa		沖島（沖之島）	おきのしま	Okinoshima	34.51957265	134.1603871	0.18	2	60	75	離島振興法	小豆島	1	1
37322	香川県小豆郡土庄町・小豆島町	Tonosho and Shodoshima in Kagawa		小豆島	しょうどしま	Shodoshima	34.4895625	134.2612005	153.26	145.2	27927	30167	離島振興法	小豆島	1	1
37322	香川県小豆郡土庄町	Tonosho, Kagawa	直島諸島	豊島	てしま	Teshima	34.47965306	134.0702904	14.5	17.9	867	1018	離島振興法	小豆島	1	1
37322	香川県小豆郡土庄町	Tonosho, Kagawa	直島諸島	小豊島	おでしま	Odeshima	34.47724889	134.1181451	1.1	4.3	10	15	離島振興法	小豆島	1	1
37324	香川県小豆郡土庄町・小豆島町	Tonosho and Shodoshima in Kagawa		小豆島	しょうどしま	Shodoshima	34.4895625	134.2612005	153.26	145.2	27927	30167	離島振興法	小豆島	1	0
37364	香川県香川郡直島町	Naoshima, Kagawa	直島諸島	屏風島	びょうぶじま	Byobujima	34.49893237	133.9717132	0.12	2.6	19	31	離島振興法	直島諸島	1	1
37364	香川県香川郡直島町	Naoshima, Kagawa	直島諸島	向島	むかえしま	Mukaeshima	34.46691847	134.0042363	0.74	4.5	15	17	離島振興法	直島諸島	1	1
37364	香川県香川郡直島町	Naoshima, Kagawa	直島諸島	直島	なおしま	Naoshima	34.460495	133.9887849	7.82	21.7	3105	3277	離島振興法	直島諸島	1	1
37404	香川県仲多度郡多度津町	Tadotsu, Kagawa	塩飽諸島	佐柳島	さなぎじま	Sanagijima	34.34274028	133.6246947	1.83	7.2	72	108	離島振興法	塩飽諸島	1	1
37404	香川県仲多度郡多度津町	Tadotsu, Kagawa	塩飽諸島	高見島	たかみじま	Takamijima	34.31558556	133.6721701	2.36	6.7	27	43	離島振興法	塩飽諸島	1	1
38201	愛媛県松山市	Matsuyama, Ehime		安居島	あいじま	Aijima	34.07033583	132.7070907	0.26	3.5	20	24	離島振興法	忽那諸島	1	1
38201	愛媛県松山市	Matsuyama, Ehime	忽那諸島	中島	なかじま	Nakajima	33.98061376	132.6152036	21.27	30	2781	3213	離島振興法	忽那諸島	1	1
38201	愛媛県松山市	Matsuyama, Ehime	忽那諸島	怒和島	ぬわじま	Nuwajima	33.97824125	132.5502657	4.75	14.7	354	446	離島振興法	忽那諸島	1	1
38201	愛媛県松山市	Matsuyama, Ehime	忽那諸島	津和地島	つわじじま	Tsuwajijima	33.9776082	132.5070313	2.85	10.4	291	383	離島振興法	忽那諸島	1	1
38201	愛媛県松山市	Matsuyama, Ehime	忽那諸島	野忽那島	のぐつなじま	Nogutsunajima	33.97124126	132.6901885	0.92	5.2	106	141	離島振興法	忽那諸島	1	1
38201	愛媛県松山市	Matsuyama, Ehime	忽那諸島	睦月島	むづきじま	Muzukijima	33.96287348	132.6618293	3.81	9.6	222	276	離島振興法	忽那諸島	1	1
38201	愛媛県松山市	Matsuyama, Ehime	忽那諸島	二神島	ふたがみじま	Futagamijima	33.93208222	132.5352014	2.13	8.9	127	166	離島振興法	忽那諸島	1	1
38201	愛媛県松山市	Matsuyama, Ehime	忽那諸島	興居島	ごごしま	Gogoshima	33.89575278	132.6702528	8.4	25.4	1118	1279	離島振興法	忽那諸島	1	1
38201	愛媛県松山市	Matsuyama, Ehime	忽那諸島	釣島	つるしま	Tsurushima	33.89067251	132.6414364	0.36	2.8	37	70	離島振興法	忽那諸島	1	1
38202	愛媛県今治市	Imabari, Ehime	関前諸島	大下島	おおげしま	Ogeshima	34.19217709	132.9260033	1.81	7.2	69	87	離島振興法	関前諸島	1	1
38202	愛媛県今治市	Imabari, Ehime	関前諸島	小大下島	こおげしま	Ko'ogeshima	34.18988556	132.9021131	0.9	3.7	23	32	離島振興法	関前諸島	1	1
38202	愛媛県今治市	Imabari, Ehime	越智諸島	鵜島	うしま	Ushima	34.18818139	133.0884243	0.76	6.1	23	33	離島振興法	越智諸島	1	1
38202	愛媛県今治市	Imabari, Ehime	越智諸島	津島	つしま	Tsushima	34.15292028	133.0003088	1.43	6.5	13	18	離島振興法	越智諸島	1	1
38202	愛媛県今治市	Imabari, Ehime	来島群島	小島	おしま	Oshima	34.12538361	132.9786907	0.5	3	11	25	離島振興法	来島群島	1	1
38202	愛媛県今治市	Imabari, Ehime	来島群島	来島	くるしま	Kurushima	34.11804236	132.9695745	0.04	0.9	15	23	離島振興法	来島群島	1	1
38202	愛媛県今治市	Imabari, Ehime	来島群島	馬島	うましま	Umashima	34.11759097	132.9927808	0.5	3.7	20	25	離島振興法	来島群島	1	1
38202	愛媛県今治市	Imabari, Ehime	来島群島	比岐島	ひきしま	Hikishima	34.05872348	133.1006474	0.3	3.5	3	3	離島振興法	来島群島	1	1
38203	愛媛県宇和島市	Uwajima, Ehime	宇和海諸島	嘉島	かしま	Kashima	33.22788695	132.3605128	0.3	3.3	80	100	離島振興法	宇和海諸島	1	1
38203	愛媛県宇和島市	Uwajima, Ehime	宇和海諸島	戸島	とじま	Tojima	33.2046457	132.3619918	2.76	18.4	307	361	離島振興法	宇和海諸島	1	1
38203	愛媛県宇和島市	Uwajima, Ehime	宇和海諸島	日振島	ひぶりじま	Hiburijima	33.17291936	132.2794205	3.74	30.3	289	343	離島振興法	宇和海諸島	1	1
38203	愛媛県宇和島市	Uwajima, Ehime	宇和海諸島	竹ヶ島	たけがしま	Takegashima	33.1068057	132.413265	0.51	3.6	23	48	離島振興法	宇和海諸島	1	1
38204	愛媛県八幡浜市	Yawatahama, Ehime	宇和海諸島	大島	おおしま	Oshima	33.38839278	132.3409828	0.75	6.4	244	295	離島振興法	宇和海諸島	1	1
38205	愛媛県新居浜市	Niihama, Ehime		大島（新居大島）	おおしま（にいおおしま）	Oshima (Niioshima)	33.99901126	133.3606138	2.14	9.1	190	257	離島振興法	新居大島	1	1
38207	愛媛県大洲市	Ozu, Ehime		青島	あおしま	Aoshima	33.73573167	132.4832569	0.49	4.2	17	19	離島振興法	青島	1	1
38356	愛媛県越智郡上島町	Kamijima, Ehime	上島諸島	弓削島	ゆげじま	Yugejima	34.27349444	133.21875	8.68	21.3	2835	2885	離島振興法	上島諸島	1	1
38356	愛媛県越智郡上島町	Kamijima, Ehime	上島諸島	生名島	いきなじま	Ikinajima	34.27082015	133.1767365	3.67	14	1582	1705	離島振興法	上島諸島	1	1
38356	愛媛県越智郡上島町	Kamijima, Ehime	上島諸島	岩城島	いわぎしま	Iwagishima	34.26075167	133.1482283	8.95	17.4	2033	2309	離島振興法	上島諸島	1	1
38356	愛媛県越智郡上島町	Kamijima, Ehime	上島諸島	佐島	さしま	Sashima	34.24197389	133.1874207	2.68	8.4	489	519	離島振興法	上島諸島	1	1
38356	愛媛県越智郡上島町	Kamijima, Ehime	上島諸島	赤穂根島	あかほねじま	Akahonejima	34.23961223	133.1612224	2.09	7	2	2	離島振興法	上島諸島	1	1
38356	愛媛県越智郡上島町	Kamijima, Ehime	魚島群島	高井神島	たかいかみじま	Takaikamijima	34.19127459	133.2708504	1.34	5.3	26	38	離島振興法	魚島群島	1	1
38356	愛媛県越智郡上島町	Kamijima, Ehime	魚島群島	魚島	うおしま	Uoshima	34.17700084	133.3179276	1.36	6.5	168	190	離島振興法	魚島群島	1	1
39208	高知県宿毛市	Sukumo, Kochi		鵜来島	うぐるしま	Ugurushima	32.80191209	132.4900258	1.31	6.7	23	28	離島振興法	沖の島	1	1
39208	高知県宿毛市	Sukumo, Kochi		沖の島	おきのしま	Okinoshima	32.72884376	132.553801	10.02	20	149	194	離島振興法	沖の島	1	1
40106	福岡県北九州市小倉北区	Kokurakita, Kitakyushu, Fukuoka	筑前諸島	藍島	あいのしま	Ainoshima	33.99291694	130.8161293	0.68	13.5	243	277	離島振興法	筑前諸島	1	1
40106	福岡県北九州市小倉北区	Kokurakita, Kitakyushu, Fukuoka	筑前諸島	馬島（小六連島）	うましま（こむつれ）	Umashima (Komutsure)	33.96831264	130.8547924	0.26	5.4	31	40	離島振興法	筑前諸島	1	1
40135	福岡県福岡市西区	Nishi, Fukuoka City, Fukuoka	筑前諸島	小呂島	おろのしま	Oronoshima	33.86767695	130.0353981	0.43	3.3	192	189	離島振興法	筑前諸島	1	1
40135	福岡県福岡市西区	Nishi, Fukuoka City, Fukuoka	筑前諸島	玄界島	げんかいじま	Genkaijima	33.68813153	130.2313725	1.16	4.6	458	527	離島振興法	筑前諸島	1	1
40220	福岡県宗像市	Munakata, Fukuoka	筑前諸島	地島	じのしま	Jinoshima	33.90440639	130.4971854	1.62	9.3	148	171	離島振興法	筑前諸島	1	1
40220	福岡県宗像市	Munakata, Fukuoka	筑前諸島	大島	おおしま	Oshima	33.90120611	130.42705	7.22	16.5	609	731	離島振興法	筑前諸島	1	1
40230	福岡県糸島市	Itoshima, Fukuoka	筑前諸島	姫島	ひめしま	Himeshima	33.57007861	130.0493679	0.75	3.8	147	162	離島振興法	筑前諸島	1	1
40345	福岡県糟屋郡新宮町	Shingu, Fukuoka	筑前諸島	相島	あいのしま	Ainoshima	33.76274444	130.3652778	1.22	7	267	328	離島振興法	筑前諸島	1	1
41202	佐賀県唐津市	Karatsu, Saga	玄海諸島	加唐島	かからしま	Kakarashima	33.60300751	129.8582814	2.83	14.6	131	184	離島振興法	玄海諸島	1	1
41202	佐賀県唐津市	Karatsu, Saga	玄海諸島	小川島	おがわしま	Ogawashima	33.59863001	129.8984513	0.92	4	348	426	離島振興法	玄海諸島	1	1
41202	佐賀県唐津市	Karatsu, Saga	玄海諸島	松島	まつしま	Matsushima	33.58792528	129.8414785	0.63	3.6	40	64	離島振興法	玄海諸島	1	1
41202	佐賀県唐津市	Karatsu, Saga	玄海諸島	馬渡島	まだらしま	Madarashima	33.57283403	129.7563249	4.24	12.5	347	437	離島振興法	玄海諸島	1	1
41202	佐賀県唐津市	Karatsu, Saga	玄海諸島	神集島	かしわじま	Kashiwajima	33.53528598	129.9712924	1.39	6.5	321	421	離島振興法	玄海諸島	1	1
41202	佐賀県唐津市	Karatsu, Saga	玄海諸島	向島	むくしま	Mukushima	33.49143653	129.7761039	0.3	4	56	72	離島振興法	玄海諸島	1	1
41202	佐賀県唐津市	Karatsu, Saga	玄海諸島	高島	たかしま	Takashima	33.47639875	129.9899497	0.62	3	241	306	離島振興法	玄海諸島	1	1
42201	長崎県長崎市	Nagasaki City, Nagasaki		池島	いけしま	Ikeshima	32.88553236	129.5987408	1.08	2.3	130	293	離島振興法	松島	1	1
42201	長崎県長崎市	Nagasaki City, Nagasaki		高島	たかしま	Takashima	32.65777931	129.7528807	1.19	8.9	382	498	離島振興法	高島	1	1
42202	長崎県佐世保市	Sasebo, Nagasaki	平戸諸島	宇久島	うくじま	Ukujima	33.27425737	129.1132213	24.9	37.7	2179	2575	離島振興法	平戸諸島	1	1
42202	長崎県佐世保市	Sasebo, Nagasaki	平戸諸島	寺島	てらしま	Terashima	33.25355917	129.061482	1.3	8.8	8	16	離島振興法	平戸諸島	1	1
42202	長崎県佐世保市	Sasebo, Nagasaki	平戸諸島	高島	たかしま	Takashima	33.17730653	129.5867782	2.67	21	181	204	離島振興法	平戸諸島	1	1
42202	長崎県佐世保市	Sasebo, Nagasaki	平戸諸島	黒島	くろしま	Kuroshima	33.14142737	129.5272985	4.66	12.5	446	538	離島振興法	平戸諸島	1	1
42207	長崎県平戸市	Hirado, Nagasaki	平戸諸島	的山大島（大島）	あづちおおしま（おおしま）	Azuchioshima (Oshima)	33.48998653	129.5400949	15.16	38	1077	1269	離島振興法	平戸諸島	1	1
42207	長崎県平戸市	Hirado, Nagasaki	平戸諸島	度島	たくしま	Takushima	33.4384975	129.5226728	3.57	12	701	828	離島振興法	平戸諸島	1	1
42207	長崎県平戸市	Hirado, Nagasaki	平戸諸島	高島	たかしま	Takashima	33.18632181	129.3380332	0.25	3	22	26	離島振興法	平戸諸島	1	1
42208	長崎県松浦市	Matsuura, Nagasaki	平戸諸島	黒島	くろしま	Kuroshima	33.45714292	129.7210961	0.82	4.5	63	70	離島振興法	平戸諸島	1	1
42208	長崎県松浦市	Matsuura, Nagasaki	平戸諸島	青島	あおしま	Aoshima	33.41369908	129.6852683	0.9	10.4	205	263	離島振興法	平戸諸島	1	1
42208	長崎県松浦市	Matsuura, Nagasaki	平戸諸島	飛島	とびしま	Tobishima	33.39742209	129.7794099	0.5	5.9	44	56	離島振興法	平戸諸島	1	1
42209	長崎県対馬市	Tsushima, Nagasaki	対馬諸島	海栗島	うにじま	Unijima	34.70600534	129.4360827	0.09	2.1	64	70	離島振興法	対馬島	1	1
42209	長崎県対馬市	Tsushima, Nagasaki	対馬諸島	対馬島	つしまじま	Tsushimajima	34.5009835	129.3625025	695.74	833.3	31301	34230	離島振興法	対馬島	1	1
42209	長崎県対馬市	Tsushima, Nagasaki	対馬諸島	泊島	とまりじま	Tomarijima	34.35877896	129.4043481	0.1	8	9	10	離島振興法	対馬島	1	1
42209	長崎県対馬市	Tsushima, Nagasaki	対馬諸島	赤島	あかしま	Akashima	34.3564283	129.4087594	0.48	8	13	46	離島振興法	対馬島	1	1
42209	長崎県対馬市	Tsushima, Nagasaki	対馬諸島	沖ノ島	おきのしま	Okinoshima	34.3467995	129.398432	2.62	23	39	21	離島振興法	対馬島	1	1
42209	長崎県対馬市	Tsushima, Nagasaki	対馬諸島	島山島	しまやまじま	Shimayamajima	34.32228056	129.3201861	4.7	45	31	30	離島振興法	対馬島	1	1
42210	長崎県壱岐市	Iki, Nagasaki	壱岐諸島	若宮島	わかみやじま	Wakamiyajima	33.86597361	129.6864763	0.56	4.2	14	14	離島振興法	壱岐島	1	1
42210	長崎県壱岐市	Iki, Nagasaki	壱岐諸島	壱岐島	いきのしま	Ikinoshima	33.78371806	129.7209711	134.63	175.9	26750	28941	離島振興法	壱岐島	1	1
42210	長崎県壱岐市	Iki, Nagasaki	壱岐諸島	大島	おおしま	Oshima	33.73847153	129.6362074	1.17	8	123	157	離島振興法	壱岐島	1	1
42210	長崎県壱岐市	Iki, Nagasaki	壱岐諸島	長島	ながしま	Nagashima	33.72637598	129.6304006	0.51	4.5	116	148	離島振興法	壱岐島	1	1
42210	長崎県壱岐市	Iki, Nagasaki	壱岐諸島	原島	はるしま	Harushima	33.72317472	129.6487572	0.53	4.3	100	117	離島振興法	壱岐島	1	1
42211	長崎県五島市	Goto, Nagasaki	五島列島	奈留島	なるしま	Narushima	32.85547222	128.9169222	23.68	75.4	2246	2776	離島振興法	五島列島	1	1
42211	長崎県五島市	Goto, Nagasaki	五島列島	蕨小島	わらびこじま	Warabikojima	32.82810445	128.8941374	0.03	1.8	8	9	離島振興法	五島列島	1	1
42211	長崎県五島市	Goto, Nagasaki	五島列島	久賀島	ひさかじま	Hisakajima	32.80410792	128.8498517	37.24	62.8	294	395	離島振興法	五島列島	1	1
42211	長崎県五島市	Goto, Nagasaki	五島列島	前島	まえしま	Maeshima	32.80280681	128.9322703	0.47	5.6	23	31	離島振興法	五島列島	1	1
42211	長崎県五島市	Goto, Nagasaki	五島列島	椛島	かばしま	Kabashima	32.76332034	128.9899409	8.69	27.5	129	176	離島振興法	五島列島	1	1
42211	長崎県五島市	Goto, Nagasaki	五島列島	嵯峨ノ島（嵯峨島）	さがのしま	Saganoshima	32.72569444	128.5997306	3.16	9.5	134	161	離島振興法	五島列島	1	1
42211	長崎県五島市	Goto, Nagasaki	五島列島	福江島	ふくえじま	Fukuejima	32.68612237	128.7477492	326.36	320.3	34419	36979	離島振興法	五島列島	1	1
42211	長崎県五島市	Goto, Nagasaki	五島列島	島山島	しまやまじま	Shimayamajima	32.65854403	128.6279374	5.5	16	17	30	離島振興法	五島列島	1	1
42211	長崎県五島市	Goto, Nagasaki	五島列島	黒島	くろしま	Kuroshima	32.60042959	128.8340692	1.12	5	2	10	離島振興法	五島列島	1	1
42211	長崎県五島市	Goto, Nagasaki	五島列島	赤島	あかしま	Akashima	32.59510167	128.9223243	0.51	5.6	14	10	離島振興法	五島列島	1	1
42211	長崎県五島市	Goto, Nagasaki	五島列島	黄島	おうしま	Oshima	32.56639764	128.8995369	1.39	6.5	41	45	離島振興法	五島列島	1	1
42212	長崎県西海市	Saikai, Nagasaki		江島	えのしま	Enoshima	33.00938292	129.3514222	2.58	9.6	124	169	離島振興法	蠣ノ浦大島	1	1
42212	長崎県西海市	Saikai, Nagasaki		平島	ひらしま	Hirashima	33.00600876	129.2414318	5.47	16.9	201	244	離島振興法	蠣ノ浦大島	1	1
42212	長崎県西海市	Saikai, Nagasaki		松島	まつしま	Matsushima	32.93316194	129.6090076	6.37	10.6	534	605	離島振興法	松島	1	1
42383	長崎県北松浦郡小値賀町	Ojika, Nagasaki	平戸諸島	六島	むしま	Mushima	33.2237932	129.1353126	0.69	3.1	3	22	離島振興法	平戸諸島	1	1
42383	長崎県北松浦郡小値賀町	Ojika, Nagasaki	平戸諸島	納島	のうしま	Noshima	33.22254903	129.0682879	0.65	5.2	26	29	離島振興法	平戸諸島	1	1
42383	長崎県北松浦郡小値賀町	Ojika, Nagasaki	平戸諸島	斑島	まだらしま	Madarashima	33.20632528	129.0198069	1.58	5.6	182	218	離島振興法	平戸諸島	1	1
42383	長崎県北松浦郡小値賀町	Ojika, Nagasaki	平戸諸島	小値賀島	おぢかしま	Ojikashima	33.20140445	129.0639249	12.26	57.3	2229	2433	離島振興法	平戸諸島	1	1
42383	長崎県北松浦郡小値賀町	Ojika, Nagasaki	平戸諸島	野崎島	のざきじま	Nozakijima	33.18611611	129.1292599	7.11	15.6	1	1	離島振興法	平戸諸島	1	1
42383	長崎県北松浦郡小値賀町	Ojika, Nagasaki	平戸諸島	黒島	くろしま	Kuroshima	33.18079001	129.0569338	0.24	3.2	54	69	離島振興法	平戸諸島	1	1
42383	長崎県北松浦郡小値賀町	Ojika, Nagasaki	平戸諸島	大島	おおしま	Oshima	33.16972223	129.0219279	0.71	7.8	65	77	離島振興法	平戸諸島	1	1
42411	長崎県南松浦郡新上五島町	Shinkamigoto, Nagasaki	五島列島	頭ヶ島	かしらがじま	Kashiragajima	33.01324209	129.1858226	1.86	8.2	15	17	離島振興法	五島列島	1	1
42411	長崎県南松浦郡新上五島町	Shinkamigoto, Nagasaki	五島列島	中通島	なかどおりじま	Nakadorijima	32.96277222	129.0633278	168.39	278.8	18113	20167	離島振興法	五島列島	1	1
42411	長崎県南松浦郡新上五島町	Shinkamigoto, Nagasaki	五島列島	日島（日ノ島）	ひのしま	Hinoshima	32.92347972	128.9627886	1.37	7.1	38	48	離島振興法	五島列島	1	1
42411	長崎県南松浦郡新上五島町	Shinkamigoto, Nagasaki	五島列島	有福島	ありふくじま	Arifukujima	32.91592829	128.9432561	2.97	10	112	139	離島振興法	五島列島	1	1
42411	長崎県南松浦郡新上五島町	Shinkamigoto, Nagasaki	五島列島	漁生浦島	りょうぜがうらじま	Ryozegaurajima	32.90913083	128.9630735	0.65	4.2	30	35	離島振興法	五島列島	1	1
42411	長崎県南松浦郡新上五島町	Shinkamigoto, Nagasaki	五島列島	若松島	わかまつじま	Wakamatsujima	32.89197778	129.0119417	31.14	123.7	1402	1661	離島振興法	五島列島	1	1
42411	長崎県南松浦郡新上五島町	Shinkamigoto, Nagasaki	五島列島	桐ノ小島	きりのこじま	Kirinokojima	32.86279445	129.044231	0.04	1.1	8	7	離島振興法	五島列島	1	1
43212	熊本県上天草市	Kamiamakusa, Kumamoto	天草諸島	湯島	ゆしま	Yushima	32.60268362	130.3371799	0.52	4	293	374	離島振興法	天草諸島	1	1
43212	熊本県上天草市	Kamiamakusa, Kumamoto	天草諸島	中島	なかじま	Nakajima	32.53088792	130.4335189	0.21	2.4	4	5	離島振興法	天草諸島	1	1
43215	熊本県天草市	Amakusa, Kumamoto	天草諸島	横島	よこしま	Yokoshima	32.37306209	130.2324175	0.83	5	1	4	離島振興法	天草諸島	1	1
43215	熊本県天草市	Amakusa, Kumamoto	天草諸島	横浦島	よこうらじま	Yokourajima	32.36707097	130.3481021	1.14	5.3	627	752	離島振興法	天草諸島	1	1
43215	熊本県天草市	Amakusa, Kumamoto	天草諸島	牧島	まきしま	Makishima	32.35375486	130.3207715	5.59	24.8	322	357	離島振興法	天草諸島	1	1
43215	熊本県天草市	Amakusa, Kumamoto	天草諸島	御所浦島	ごしょうらじま	Goshourajima	32.33001917	130.337664	12.54	25.7	1786	2054	離島振興法	天草諸島	1	1
44205	大分県佐伯市	Saiki, Oita	豊後諸島	大入島	おおにゅうしま	Onyushima	32.99868611	131.924558	5.65	23.2	712	853	離島振興法	豊後諸島	1	1
44205	大分県佐伯市	Saiki, Oita	豊後諸島	大島	おおしま	Oshima	32.96522875	132.0707764	1.6	11.9	114	187	離島振興法	豊後諸島	1	1
44205	大分県佐伯市	Saiki, Oita	豊後諸島	屋形島	やかたじま	Yakatajima	32.77403598	131.9161157	1.06	3	18	19	離島振興法	豊後諸島	1	1
44205	大分県佐伯市	Saiki, Oita	豊後諸島	深島	ふかしま	Fukashima	32.72074653	131.9268529	1.1	4	19	20	離島振興法	豊後諸島	1	1
44207	大分県津久見市	Tsukumi, Oita	豊後諸島	地無垢島	じむくしま	Jimukushima	33.15815056	131.9755775	0.29	3	35	62	離島振興法	豊後諸島	1	1
44207	大分県津久見市	Tsukumi, Oita	豊後諸島	保戸島	ほとじま	Hotojima	33.10538089	132.0096927	0.86	4	700	978	離島振興法	豊後諸島	1	1
44322	大分県東国東郡姫島村	Himeshima, Oita		姫島	ひめしま	Himeshima	33.72856681	131.6663121	6.98	17	1991	2189	離島振興法	姫島	1	1
45203	宮崎県延岡市	Nobeoka, Miyazaki		島野浦島	しまのうらしま	Shimanourashima	32.66470292	131.8218696	2.85	15.5	837	1018	離島振興法	島野浦島	1	1
45204	宮崎県日南市	Nichinan, Miyazaki	南那珂群島	大島	おおしま	Oshima	31.52688959	131.4107232	2.09	9.5	1	11	離島振興法	南那珂群島	1	1
45207	宮崎県串間市	Kushima, Miyazaki		築島	つきしま	Tsukishima	31.47646361	131.3899644	0.24	2.2	9	25	離島振興法	南那珂群島	1	1
46201	鹿児島県鹿児島市	Kagoshima City, Kagoshima		新島（燃島）	しんじま（もえしま）	Shinjima	31.6179964	130.7228572	0.13	2.3	0	4	離島振興法	新島	1	1
46208	鹿児島県出水市	Izumi, Kagoshima		桂島	かつらじま	Katsurajima	32.14912764	130.2652086	0.33	2.7	8	13	離島振興法	桂島	1	1
46213	鹿児島県西之表市	Nishinoomote, Kagoshima	大隅諸島	馬毛島	まげしま	Mageshima	30.74542736	130.8522433	8.17	16.5	0	11	離島振興法	種子島	0	1
46213	鹿児島県西之表市・熊毛郡中種子町・南種子町	Nishinoomote, Nakatane and Minamitane in Kagoshima	大隅諸島	種子島	たねがしま	Tanegashima	30.55580278	130.9747917	444.3	169.6	29847	31854	離島振興法	種子島	1	1
46215	鹿児島県薩摩川内市	Satsumasendai, Kagoshima	甑島列島	上甑島	かみこしきしま	Kamikoshikishima	31.84547654	129.8768574	44.2	81.1	2174	2488	離島振興法	甑島	1	1
46215	鹿児島県薩摩川内市	Satsumasendai, Kagoshima	甑島列島	中甑島	なかこしきしま	Nakakoshikishima	31.79665028	129.828515	7.28	17.4	224	308	離島振興法	甑島	1	1
46215	鹿児島県薩摩川内市	Satsumasendai, Kagoshima	甑島列島	下甑島	しもこしきしま	Shimokoshikishima	31.70633153	129.731515	65.56	84.8	2321	2780	離島振興法	甑島	1	1
46303	鹿児島県鹿児島郡三島村	Mishima, Kagoshima		黒島	くろしま	Kuroshima	30.83174389	129.9346228	15.39	20.1	190	208	離島振興法	南西諸島	1	1
46303	鹿児島県鹿児島郡三島村	Mishima, Kagoshima		竹島	たけしま	Takeshima	30.80998903	130.4210111	4.22	9.7	87	83	離島振興法	南西諸島	1	1
46303	鹿児島県鹿児島郡三島村	Mishima, Kagoshima		硫黄島（鬼界ヶ島）	いおうじま（きがいがしま）	Iojima (Kikaigashima)	30.79047681	130.2916353	11.62	19.1	130	127	離島振興法	南西諸島	1	1
46304	鹿児島県鹿児島郡十島村	Toshima, Kagoshima	トカラ列島	口之島	くちのしま	Kuchinoshima	29.97818097	129.9233275	13.33	13.3	159	138	離島振興法	南西諸島	1	1
46304	鹿児島県鹿児島郡十島村	Toshima, Kagoshima	トカラ列島	中之島	なかのしま	Nakanoshima	29.8501132	129.8762549	34.42	28	171	143	離島振興法	南西諸島	1	1
46304	鹿児島県鹿児島郡十島村	Toshima, Kagoshima	トカラ列島	平島	たいらじま	Tairajima	29.68663486	129.5326833	2.08	4.5	71	81	離島振興法	南西諸島	1	1
46304	鹿児島県鹿児島郡十島村	Toshima, Kagoshima	トカラ列島	諏訪之瀬島	すわのせじま	Suwanosejima	29.63721	129.7133586	27.61	24.5	73	52	離島振興法	南西諸島	1	1
46304	鹿児島県鹿児島郡十島村	Toshima, Kagoshima	トカラ列島	悪石島	あくせきじま	Akusekijima	29.4609257	129.6020881	7.49	8.8	79	72	離島振興法	南西諸島	1	1
46304	鹿児島県鹿児島郡十島村	Toshima, Kagoshima	トカラ列島	小宝島	こだからじま	Kodakarajima	29.22349487	129.3252944	1	3.2	55	54	離島振興法	南西諸島	1	1
46304	鹿児島県鹿児島郡十島村	Toshima, Kagoshima	トカラ列島	宝島	たからじま	Takarajima	29.14299514	129.2046304	7.07	12.1	148	117	離島振興法	南西諸島	1	1
46404	鹿児島県出水郡長島町	Nagashima, Kagoshima		獅子島	ししじま	Shishijima	32.27911931	130.2393381	17.06	36.5	689	757	離島振興法	長島	1	1
46501	鹿児島県西之表市・熊毛郡中種子町・南種子町	Nishinoomote, Nakatane and Minamitane in Kagoshima	大隅諸島	種子島	たねがしま	Tanegashima	30.55580278	130.9747917	444.3	169.6	29847	31854	離島振興法	種子島	1	0
46502	鹿児島県西之表市・熊毛郡中種子町・南種子町	Nishinoomote, Nakatane and Minamitane in Kagoshima	大隅諸島	種子島	たねがしま	Tanegashima	30.55580278	130.9747917	444.3	169.6	29847	31854	離島振興法	種子島	1	0
46505	鹿児島県熊毛郡屋久島町	Yakushima, Kagoshima	大隅諸島	口永良部島	くちのえらぶじま	Kuchinoerabujima	30.45610736	130.2047447	35.81	49.7	0	152	離島振興法	屋久島	1	1
46505	鹿児島県熊毛郡屋久島町	Yakushima, Kagoshima	大隅諸島	屋久島	やくしま	Yakushima	30.34792084	130.5240608	504.29	126.7	12913	13437	離島振興法	屋久島	1	1
13421	東京都小笠原村	Ogasawara, Tokyo	小笠原諸島	父島	ちちじま	Chichijima	27.07089056	142.2096522	23.45	52	2089	1880	小笠原諸島振興開発特別措置法	小笠原諸島	1	1
13421	東京都小笠原村	Ogasawara, Tokyo	小笠原諸島	母島	ははじま	Hahajima	26.6609482	142.1553964	19.88	58	461	491	小笠原諸島振興開発特別措置法	小笠原諸島	1	1
13421	東京都小笠原村	Ogasawara, Tokyo	小笠原諸島	硫黄島	いおうとう	Ioto	24.77899028	141.3159794	23.73	22	401	402	小笠原諸島振興開発特別措置法	小笠原諸島	1	1
13421	東京都小笠原村	Ogasawara, Tokyo	小笠原諸島	南鳥島（マーカス島）	みなみとりしま（まーかすとう）	Minamitorishima (Makasuto)	24.28478467	153.9832744	1.46	7.6	71	12	小笠原諸島振興開発特別措置法	小笠原諸島	1	1
46222	鹿児島県奄美市・大島郡大和村・宇検村・瀬戸内町・龍郷町	Amami, Yamato, Uken, Setouchi and Tatsugo in Kagoshima	奄美群島	大島（奄美大島）	おおしま（あまみおおしま）	Oshima (Amamioshima)	28.31990375	129.4279753	712.41	461	59828	64107	奄美群島振興開発特別措置法	奄美群島	1	1
46523	鹿児島県奄美市・大島郡大和村・宇検村・瀬戸内町・龍郷町	Amami, Yamato, Uken, Setouchi and Tatsugo in Kagoshima	奄美群島	大島（奄美大島）	おおしま（あまみおおしま）	Oshima (Amamioshima)	28.31990375	129.4279753	712.41	461	59828	64107	奄美群島振興開発特別措置法	奄美群島	1	0
46524	鹿児島県奄美市・大島郡大和村・宇検村・瀬戸内町・龍郷町	Amami, Yamato, Uken, Setouchi and Tatsugo in Kagoshima	奄美群島	大島（奄美大島）	おおしま（あまみおおしま）	Oshima (Amamioshima)	28.31990375	129.4279753	712.41	461	59828	64107	奄美群島振興開発特別措置法	奄美群島	1	0
46525	鹿児島県奄美市・大島郡大和村・宇検村・瀬戸内町・龍郷町	Amami, Yamato, Uken, Setouchi and Tatsugo in Kagoshima	奄美群島	大島（奄美大島）	おおしま（あまみおおしま）	Oshima (Amamioshima)	28.31990375	129.4279753	712.41	461	59828	64107	奄美群島振興開発特別措置法	奄美群島	1	0
46525	鹿児島県大島郡瀬戸内町	Setouchi, Kagoshima	奄美群島	加計呂麻島	かけろまじま	Kakeromajima	28.12887222	129.2286222	77.25	147.5	1262	1428	奄美群島振興開発特別措置法	奄美群島	1	1
46525	鹿児島県大島郡瀬戸内町	Setouchi, Kagoshima	奄美群島	与路島	よろしま	Yoroshima	28.04155917	129.1613217	9.35	18.4	84	103	奄美群島振興開発特別措置法	奄美群島	1	1
46525	鹿児島県大島郡瀬戸内町	Setouchi, Kagoshima	奄美群島	請島	うけじま	Ukejima	28.03008806	129.237281	13.34	24.8	82	132	奄美群島振興開発特別措置法	奄美群島	1	1
46527	鹿児島県奄美市・大島郡大和村・宇検村・瀬戸内町・龍郷町	Amami, Yamato, Uken, Setouchi and Tatsugo in Kagoshima	奄美群島	大島（奄美大島）	おおしま（あまみおおしま）	Oshima (Amamioshima)	28.31990375	129.4279753	712.41	461	59828	64107	奄美群島振興開発特別措置法	奄美群島	1	0
46529	鹿児島県大島郡喜界町	Kikai, Kagoshima	奄美群島	喜界島	きかいしま	Kikaishima	28.32644626	129.9741808	56.76	50	7212	8169	奄美群島振興開発特別措置法	奄美群島	1	1
46530	鹿児島県大島郡徳之島町・天城町・伊仙町	Tokunoshima, Amagi and Isen in Kagoshima	奄美群島	徳之島	とくのしま	Tokunoshima	27.77748153	128.9584174	247.85	89.2	23497	25587	奄美群島振興開発特別措置法	奄美群島	1	1
46531	鹿児島県大島郡徳之島町・天城町・伊仙町	Tokunoshima, Amagi and Isen in Kagoshima	奄美群島	徳之島	とくのしま	Tokunoshima	27.77748153	128.9584174	247.85	89.2	23497	25587	奄美群島振興開発特別措置法	奄美群島	1	0
46532	鹿児島県大島郡徳之島町・天城町・伊仙町	Tokunoshima, Amagi and Isen in Kagoshima	奄美群島	徳之島	とくのしま	Tokunoshima	27.77748153	128.9584174	247.85	89.2	23497	25587	奄美群島振興開発特別措置法	奄美群島	1	0
46533	鹿児島県大島郡和泊町・知名町	Wadomari and China in Kagoshima	奄美群島	沖永良部島	おきのえらぶじま	Okinoerabujima	27.38437292	128.6169151	93.65	55.8	12996	13920	奄美群島振興開発特別措置法	奄美群島	1	1
46534	鹿児島県大島郡和泊町・知名町	Wadomari and China in Kagoshima	奄美群島	沖永良部島	おきのえらぶじま	Okinoerabujima	27.38437292	128.6169151	93.65	55.8	12996	13920	奄美群島振興開発特別措置法	奄美群島	1	0
46535	鹿児島県大島郡与論町	Yoron, Kagoshima	奄美群島	与論島	よろんじま	Yoronjima	27.04340528	128.426826	20.56	23.7	5186	5327	奄美群島振興開発特別措置法	奄美群島	1	1
47207	沖縄県石垣市	Ishigaki, Okinawa	八重山諸島	小島	こじま	Kojima	24.45729361	124.1495363	0.37	3		0	沖縄振興特別措置法	八重山圏域	0	1
47207	沖縄県石垣市	Ishigaki, Okinawa	八重山諸島	石垣島	いしがきじま	Ishigakijima	24.43293846	124.2054826	222.24	182.5	47564	46922	沖縄振興特別措置法	八重山圏域	1	1
47213	沖縄県うるま市	Uruma, Okinawa		津堅島	つけんじま	Tsukenjima	26.25210861	127.9408953	1.88	8.9	391	470	沖縄振興特別措置法	中南部圏域	1	1
47214	沖縄県宮古島市	Miyakojima, Okinawa	宮古諸島	池間島	いけまじま	Ikemajima	24.92927736	125.243491	2.83	11.2	603	648	沖縄振興特別措置法	宮古圏域	1	1
47214	沖縄県宮古島市	Miyakojima, Okinawa	宮古諸島	大神島	おおがみじま	Ogamijima	24.91645	125.3079669	0.24	2.4	28	28	沖縄振興特別措置法	宮古圏域	1	1
47214	沖縄県宮古島市	Miyakojima, Okinawa	宮古諸島	伊良部島	いらぶじま	Irabujima	24.83428709	125.1885682	29.06	72.4	4693	5148	沖縄振興特別措置法	宮古圏域	1	1
47214	沖縄県宮古島市	Miyakojima, Okinawa	宮古諸島	下地島	しもじしま	Shimojishima	24.82237417	125.1555326	9.68	32.3	76	57	沖縄振興特別措置法	宮古圏域	1	1
47214	沖縄県宮古島市	Miyakojima, Okinawa	宮古諸島	宮古島	みやこじま	Miyakojima	24.77330849	125.3329721	158.93	133.5	45625	46001	沖縄振興特別措置法	宮古圏域	1	1
47214	沖縄県宮古島市	Miyakojima, Okinawa	宮古諸島	来間島	くりまじま	Kurimajima	24.72240084	125.2484975	2.84	6.5	161	157	沖縄振興特別措置法	宮古圏域	1	1
47215	沖縄県南城市	Nanjo, Okinawa		久高島	くだかじま	Kudakajima	26.16209654	127.8949253	1.36	9	206	269	沖縄振興特別措置法	中南部圏域	1	1
47308	沖縄県国頭郡本部町	Motobu, Okinawa		水納島	みんなしま	Min'nashima	26.64739129	127.8161923	0.47	4.8	41	42	沖縄振興特別措置法	北部圏域	1	1
47315	沖縄県国頭郡伊江村	Ie, Okinawa		伊江島	いえしま	Ieshima	26.72181931	127.7901654	22.76	23.6	4260	4737	沖縄振興特別措置法	北部圏域	1	1
47353	沖縄県島尻郡渡嘉敷村	Tokashiki, Okinawa	慶良間諸島	黒島	くろしま	Kuroshima	26.25207098	127.4042881	0.27			0	沖縄振興特別措置法	中南部圏域	0	1
47353	沖縄県島尻郡渡嘉敷村	Tokashiki, Okinawa	慶良間諸島	儀志布島	ぎしっぷじま	Gishippujima	26.23017959	127.3695974	0.49	4.2		0	沖縄振興特別措置法	中南部圏域	0	1
47353	沖縄県島尻郡渡嘉敷村	Tokashiki, Okinawa	慶良間諸島	前島	まえしま	Maeshima	26.21294875	127.4475621	1.59	7	0	4	沖縄振興特別措置法	中南部圏域	1	1
47353	沖縄県島尻郡渡嘉敷村	Tokashiki, Okinawa	慶良間諸島	渡嘉敷島	とかしきじま	Tokashikijima	26.18608584	127.3566567	15.31	19.6	730	756	沖縄振興特別措置法	中南部圏域	1	1
47353	沖縄県島尻郡渡嘉敷村	Tokashiki, Okinawa	慶良間諸島	離島	はなれじま	Hanarejima	26.16185764	127.3386019	0.1			0	沖縄振興特別措置法	中南部圏域	0	1
47354	沖縄県島尻郡座間味村	Zamami, Okinawa	慶良間諸島	座間味島	ざまみじま	Zamamijima	26.23524681	127.3071356	6.7	23.2	564	557	沖縄振興特別措置法	中南部圏域	1	1
47354	沖縄県島尻郡座間味村	Zamami, Okinawa	慶良間諸島	嘉比島	がひじま	Gahijima	26.21831875	127.2858064	0.13	1.5		0	沖縄振興特別措置法	中南部圏域	0	1
47354	沖縄県島尻郡座間味村	Zamami, Okinawa	慶良間諸島	屋嘉比島	やかびじま	Yakabijima	26.21595806	127.244616	1.25	5.3		0	沖縄振興特別措置法	中南部圏域	0	1
47354	沖縄県島尻郡座間味村	Zamami, Okinawa	慶良間諸島	安慶名敷島	あげなしくじま	Agenashikujima	26.21549528	127.2949524	0.1	2.1		0	沖縄振興特別措置法	中南部圏域	0	1
47354	沖縄県島尻郡座間味村	Zamami, Okinawa	慶良間諸島	安室島	あむろじま	Amurojima	26.20516625	127.3122565	0.73	5.2		0	沖縄振興特別措置法	中南部圏域	0	1
47354	沖縄県島尻郡座間味村	Zamami, Okinawa	慶良間諸島	阿嘉島	あかじま	Akajima	26.19993973	127.2790896	3.8	12.3	248	253	沖縄振興特別措置法	中南部圏域	1	1
47354	沖縄県島尻郡座間味村	Zamami, Okinawa	慶良間諸島	慶留間島	げるまじま	Gerumajima	26.18168681	127.2894113	1.15	4.9	58	55	沖縄振興特別措置法	中南部圏域	1	1
47354	沖縄県島尻郡座間味村	Zamami, Okinawa	慶良間諸島	久場島	くばしま	Kubashima	26.17253778	127.2381086	1.54	6.8		0	沖縄振興特別措置法	中南部圏域	0	1
47354	沖縄県島尻郡座間味村	Zamami, Okinawa	慶良間諸島	外地島	ふかじしま	Fukajishima	26.1678614	127.2923053	0.83	4.6		0	沖縄振興特別措置法	中南部圏域	0	1
47355	沖縄県島尻郡粟国村	Aguni, Okinawa		粟国島	あぐにじま	Agunijima	26.58843417	127.2281729	7.62	15.8	759	863	沖縄振興特別措置法	中南部圏域	1	1
47356	沖縄県島尻郡渡名喜村	Tonaki, Okinawa		渡名喜島	となきじま	Tonakijima	26.3652182	127.1492231	3.58	17.7	430	452	沖縄振興特別措置法	中南部圏域	1	1
47357	沖縄県島尻郡南大東村	Minamidaito, Okinawa	大東諸島	南大東島	みなみだいとうじま	Minamidaitojima	25.84250195	131.2433906	30.52	24.1	1329	1442	沖縄振興特別措置法	中南部圏域	1	1
47358	沖縄県島尻郡北大東村	Kitadaito, Okinawa	大東諸島	北大東島	きただいとうじま	Kitadaitojima	25.94452	131.3080144	11.91	20.5	629	665	沖縄振興特別措置法	中南部圏域	1	1
47359	沖縄県島尻郡伊平屋村	Iheya, Okinawa		伊平屋島	いへやじま	Iheyajima	27.04494014	127.9771735	20.66	39.2	1144	1260	沖縄振興特別措置法	北部圏域	1	1
47359	沖縄県島尻郡伊平屋村	Iheya, Okinawa		野甫島	のほじま	Nohojima	26.9957132	127.9222168	1.08	7.4	94	125	沖縄振興特別措置法	北部圏域	1	1
47360	沖縄県島尻郡伊是名村	Izena, Okinawa		具志川島	ぐしかわじま	Gushikawajima	26.97608389	127.9504232	0.47			0	沖縄振興特別措置法	北部圏域	0	1
47360	沖縄県島尻郡伊是名村	Izena, Okinawa		伊是名島	いぜなじま	Izenajima	26.93317486	127.9345818	14.13	34.4	1517	1589	沖縄振興特別措置法	北部圏域	1	1
47360	沖縄県島尻郡伊是名村	Izena, Okinawa		屋那覇島	やなはじま	Yanahajima	26.89704229	127.9257085	0.74	5.3		0	沖縄振興特別措置法	北部圏域	0	1
47361	沖縄県島尻郡久米島町	Kumejima, Okinawa		硫黄鳥島	いおうとりしま	Iotorishima	27.8729007	128.2269706	2.5	7.3		0	沖縄振興特別措置法	中南部圏域	0	1
47361	沖縄県島尻郡久米島町	Kumejima, Okinawa		久米島	くめじま	Kumejima	26.34114112	126.7669704	59.53	66.6	7733	8489	沖縄振興特別措置法	中南部圏域	1	1
47361	沖縄県島尻郡久米島町	Kumejima, Okinawa		オーハ島	おーはじま	Ohajima	26.34015473	126.8398246	0.37	2.7	0	6	沖縄振興特別措置法	中南部圏域	1	1
47361	沖縄県島尻郡久米島町	Kumejima, Okinawa		奥武島	おうしま	Oshima	26.33896583	126.8275526	0.63	1.5	22	24	沖縄振興特別措置法	中南部圏域	1	1
47375	沖縄県宮古郡多良間村	Tarama, Okinawa	宮古諸島	水納島	みんなしま	Min'nashima	24.75319125	124.6945835	2.16	7.4	5	4	沖縄振興特別措置法	宮古圏域	1	1
47375	沖縄県宮古郡多良間村	Tarama, Okinawa	宮古諸島	多良間島	たらましま	Taramashima	24.6575114	124.6996261	19.81	20.9	1189	1227	沖縄振興特別措置法	宮古圏域	1	1
47381	沖縄県八重山郡竹富町	Taketomi, Okinawa	八重山諸島	鳩間島	はとまじま	Hatomajima	24.47226667	123.8200481	0.96	4.5	46	43	沖縄振興特別措置法	八重山圏域	1	1
47381	沖縄県八重山郡竹富町	Taketomi, Okinawa	八重山諸島	外離島	そとばなりじま	Sotobanarijima	24.37264514	123.7199444	1.32	5.3	0	1	沖縄振興特別措置法	八重山圏域	0	1
47381	沖縄県八重山郡竹富町	Taketomi, Okinawa	八重山諸島	加屋真島	かやまじま	Kayamajima	24.3635525	124.0000346	0.39	3	0	0	沖縄振興特別措置法	八重山圏域	1	1
47381	沖縄県八重山郡竹富町	Taketomi, Okinawa	八重山諸島	内離島	うちばなりじま	Uchibanarijima	24.35567181	123.7342976	2.1			0	沖縄振興特別措置法	八重山圏域	0	1
47381	沖縄県八重山郡竹富町	Taketomi, Okinawa	八重山諸島	西表島	いりおもてじま	Iriomotejima	24.34639264	123.8011544	289.62	174.5	2314	2218	沖縄振興特別措置法	八重山圏域	1	1
47381	沖縄県八重山郡竹富町	Taketomi, Okinawa	八重山諸島	由布島	ゆぶじま	Yubujima	24.34354508	123.9337136	0.15	2.3	0	0	沖縄振興特別措置法	八重山圏域	1	1
47381	沖縄県八重山郡竹富町	Taketomi, Okinawa	八重山諸島	小浜島	こはまじま	Kohamajima	24.33912792	123.9776232	7.86	21	631	585	沖縄振興特別措置法	八重山圏域	1	1
47381	沖縄県八重山郡竹富町	Taketomi, Okinawa	八重山諸島	竹富島	たけとみじま	Taketomijima	24.32613056	124.0889524	5.43	12.1	348	303	沖縄振興特別措置法	八重山圏域	1	1
47381	沖縄県八重山郡竹富町	Taketomi, Okinawa	八重山諸島	黒島	くろしま	Kuroshima	24.23728945	124.0106165	10.02	14.1	156	194	沖縄振興特別措置法	八重山圏域	1	1
47381	沖縄県八重山郡竹富町	Taketomi, Okinawa	八重山諸島	新城島（上地）	あらぐすくじま（かみじ）	Aragusukujima (Kamiji)	24.23387611	123.9453438	1.76	7	10	4	沖縄振興特別措置法	八重山圏域	1	1
47381	沖縄県八重山郡竹富町	Taketomi, Okinawa	八重山諸島	新城島（下地）	あらぐすくじま（しもじ）	Aragusukujima (Shimoji)	24.21537917	123.9287594	1.57	5	0	12	沖縄振興特別措置法	八重山圏域	1	1
47381	沖縄県八重山郡竹富町	Taketomi, Okinawa	八重山諸島	波照間島	はてるまじま	Haterumajima	24.05869389	123.7817229	12.73	17.8	493	499	沖縄振興特別措置法	八重山圏域	1	1
47382	沖縄県八重山郡与那国町	Yonaguni, Okinawa	八重山諸島	与那国島	よなぐにじま	Yonagunijima	24.4556445	122.988717	28.82	40.3	1843	1657	沖縄振興特別措置法	八重山圏域	1	1